﻿<!--This is a DXCore settings file-->
<Page Name="Formatting Options">
 <Language Name="CSharp">
  <Section Name="BlankLines">
   <Option Name="After imported namespaces section" Value="True" />
   <Option Name="After multi line members" Value="False" />
   <Option Name="After namespaces" Value="False" />
   <Option Name="After single line members" Value="False" />
   <Option Name="After type declarations" Value="False" />
   <Option Name="Around region directives" Value="False" />
   <Option Name="Inside region directives" Value="False" />
  </Section>
  <Section Name="General">
   <Option Name="Adjust code style on autoformat" Value="False" />
   <Option Name="Keep existing line breaks" Value="True" />
   <Option Name="Keep existing white space" Value="True" />
   <Option Name="Keep expressions indent" Value="True" />
  </Section>
  <Section Name="Indentation">
   <Option Name="Indent anonymous method contents" Value="True" />
   <Option Name="Indent array, object and collection initializer contents" Value="False" />
   <Option Name="Indent case statement contents" Value="True" />
   <Option Name="Indent case statement from switch statement" Value="True" />
   <Option Name="Indent code block contents" Value="True" />
   <Option Name="Indent comments" Value="True" />
   <Option Name="Indent labels" Value="True" />
   <Option Name="Indent nested 'using' statements" Value="False" />
   <Option Name="Indent open and close braces" Value="False" />
  </Section>
  <Section Name="LineBreaks">
   <Option Name="Place event attribute on separate line" Value="True" />
   <Option Name="Place field/constant attribute on separate line" Value="True" />
   <Option Name="Place method attribute on separate line" Value="True" />
   <Option Name="Place multiple attributes on their own line" Value="True" />
   <Option Name="Place property attribute on separate line" Value="True" />
   <Option Name="Place type attribute on separate line" Value="True" />
   <Option Name="Place close brace on new line for anonymous methods" Value="True" />
   <Option Name="Place close brace on new line for anonymous types" Value="False" />
   <Option Name="Place close brace on new line for array, object and collection initializers" Value="False" />
   <Option Name="Place close brace on new line for block under case statement" Value="True" />
   <Option Name="Place close brace on new line for code blocks" Value="True" />
   <Option Name="Place close brace on new line for lambda expressions" Value="True" />
   <Option Name="Place close brace on new line for methods" Value="True" />
   <Option Name="Place close brace on new line for namespaces" Value="True" />
   <Option Name="Place close brace on new line for properties" Value="True" />
   <Option Name="Place close brace on new line for type declarations" Value="True" />
   <Option Name="Place open brace on new line for anonymous methods" Value="True" />
   <Option Name="Place open brace on new line for anonymous types" Value="True" />
   <Option Name="Place open brace on new line for array, object and collection initializers" Value="False" />
   <Option Name="Place open brace on new line for block under case statement" Value="True" />
   <Option Name="Place open brace on new line for code blocks" Value="True" />
   <Option Name="Place open brace on new line for lambda expressions" Value="True" />
   <Option Name="Place open brace on new line for methods" Value="True" />
   <Option Name="Place open brace on new line for namespaces" Value="True" />
   <Option Name="Place open brace on new line for properties" Value="True" />
   <Option Name="Place open brace on new line for type declarations" Value="True" />
   <Option Name="Place abstract/interface member on single line" Value="True" />
   <Option Name="Place auto-implemented properties on single line" Value="True" />
   <Option Name="Place constructor initializer on same line" Value="False" />
   <Option Name="Place simple accessor on single line" Value="False" />
   <Option Name="Place simple anonymous method on single line" Value="False" />
   <Option Name="Place simple member on single line" Value="False" />
   <Option Name="Place an 'if' statement that follows the 'else' one on a new line" Value="True" />
   <Option Name="Place 'catch' statement on new line" Value="True" />
   <Option Name="Place 'else' statement on new line" Value="True" />
   <Option Name="Place 'finally' statement on new line" Value="True" />
   <Option Name="Place single embedded statement on single line" Value="False" />
   <Option Name="Place 'while' statement on new line" Value="True" />
  </Section>
  <Section Name="OtherAndLanguageSpecific">
   <Option Name="Add line feed at end of file" Value="True" />
  </Section>
  <Section Name="Spacing">
   <Option Name="Around '=' in namespace alias declaration" Value="True" />
   <Option Name="Before open curly brace on the same line" Value="True" />
   <Option Name="Within single line anonymous method" Value="True" />
   <Option Name="Within single line method" Value="True" />
   <Option Name="Before array rank brackets" Value="False" />
   <Option Name="Within array initializer braces" Value="True" />
   <Option Name="Within array rank brackets" Value="False" />
   <Option Name="Within array rank empty brackets" Value="False" />
   <Option Name="After attribute target colon" Value="True" />
   <Option Name="Before attribute target colon" Value="False" />
   <Option Name="Within attribute brackets/angles" Value="False" />
   <Option Name="After colon" Value="False" />
   <Option Name="After colon for ancestors list in type declaration" Value="True" />
   <Option Name="After comma" Value="True" />
   <Option Name="After dot" Value="False" />
   <Option Name="After semicolon in 'for' statement" Value="True" />
   <Option Name="Before colon" Value="False" />
   <Option Name="Before colon for ancestors list in type declaration" Value="True" />
   <Option Name="Before colon in case statement" Value="False" />
   <Option Name="Before colon in labels" Value="False" />
   <Option Name="Before comma" Value="False" />
   <Option Name="Before dot" Value="False" />
   <Option Name="Before semicolon" Value="False" />
   <Option Name="Before semicolon in 'for' statement" Value="False" />
   <Option Name="Before opening parenthesis of a method call with arguments" Value="False" />
   <Option Name="Before opening parenthesis of a method call without arguments" Value="False" />
   <Option Name="Within argument list parentheses" Value="False" />
   <Option Name="Within empty argument list parentheses" Value="False" />
   <Option Name="Before opening parenthesis of a method with parameters" Value="False" />
   <Option Name="Before opening parenthesis of a method without parameters" Value="False" />
   <Option Name="Within empty method declaration parentheses" Value="False" />
   <Option Name="Within method declaration parentheses" Value="False" />
   <Option Name="Around lambda expression operator '=&gt;'" Value="True" />
   <Option Name="Around one char operators (=, +, *, ^, |)" Value="True" />
   <Option Name="Around ternary ':' operator" Value="True" />
   <Option Name="Around ternary '?' operator" Value="True" />
   <Option Name="Around two char operators (+=, &gt;&gt;, &lt;=)" Value="True" />
   <Option Name="Around unsafe operators (&amp;&amp;, *, -&gt;)" Value="False" />
   <Option Name="Before nullable type operator '?'" Value="False" />
   <Option Name="Before unsafe pointer declaration operator" Value="False" />
   <Option Name="After type cast parentheses" Value="False" />
   <Option Name="Before 'catch' parentheses" Value="True" />
   <Option Name="Before 'checked', 'unchecked' parentheses" Value="True" />
   <Option Name="Before 'default' parentheses" Value="False" />
   <Option Name="Before 'fixed' parentheses" Value="True" />
   <Option Name="Before 'for', 'foreach' parentheses" Value="True" />
   <Option Name="Before 'if' parentheses" Value="True" />
   <Option Name="Before 'switch' parentheses" Value="True" />
   <Option Name="Before 'typeof', 'sizeof' parentheses" Value="False" />
   <Option Name="Before 'using', 'lock' parentheses" Value="True" />
   <Option Name="Before 'while' parentheses" Value="True" />
   <Option Name="Within 'catch' parentheses" Value="False" />
   <Option Name="Within 'checked', 'unchecked' parentheses" Value="False" />
   <Option Name="Within 'default' parentheses" Value="False" />
   <Option Name="Within expression parentheses" Value="False" />
   <Option Name="Within 'fixed' parentheses" Value="False" />
   <Option Name="Within 'for', 'foreach' parentheses" Value="False" />
   <Option Name="Within 'if' parentheses" Value="False" />
   <Option Name="Within 'switch' parentheses" Value="False" />
   <Option Name="Within type cast parentheses" Value="False" />
   <Option Name="Within 'typeof', 'sizeof' parentheses" Value="False" />
   <Option Name="Within 'using', 'lock' parentheses" Value="False" />
   <Option Name="Within 'while' parentheses" Value="False" />
   <Option Name="Before opening braces of a property if on single line" Value="True" />
   <Option Name="Before opening braces of an accessor if on single line" Value="True" />
   <Option Name="Within property braces if on single line" Value="True" />
   <Option Name="Within single line accessor" Value="True" />
   <Option Name="Before open square bracket" Value="False" />
   <Option Name="Within square brackets" Value="False" />
   <Option Name="Before type argument angles" Value="False" />
   <Option Name="Within type argument angles" Value="False" />
   <Option Name="After type parameter constraint colon" Value="True" />
   <Option Name="Before type parameter angles" Value="False" />
   <Option Name="Before type parameter constraint colon" Value="False" />
   <Option Name="Within type parameter angles" Value="False" />
  </Section>
  <Section Name="WrappingAndAlignment">
   <Option Name="Wrap before close brace in declaration" Value="False" />
   <Option Name="Wrap before close brace in invocation" Value="False" />
   <Option Name="Wrap before open brace in declaration" Value="False" />
   <Option Name="Wrap before open brace in invocation" Value="False" />
   <Option Name="Wrap 'for' statement header" Value="False" />
   <Option Name="Align with first formal parameter" Value="False" />
   <Option Name="Wrap first formal parameter" Value="False" />
   <Option Name="Wrap formal parameters" Value="False" />
   <Option Name="Align with first invocation argument" Value="False" />
   <Option Name="Wrap first invocation argument" Value="False" />
   <Option Name="Wrap invocation arguments" Value="False" />
   <Option Name="Align with first query expression item" Value="True" />
   <Option Name="Wrap query expression item" Value="True" />
   <Option Name="Wrap ternary expression" Value="False" />
   <Option Name="Align with first binary expression item" Value="False" />
   <Option Name="Wrap before operator in binary expression" Value="False" />
   <Option Name="Wrap binary operator expression" Value="False" />
   <Option Name="Align with first logical expression item" Value="False" />
   <Option Name="Wrap before operator in logical expression" Value="False" />
   <Option Name="Wrap logical operator expression" Value="False" />
   <Option Name="Align with first array, object or collection initializer item" Value="False" />
   <Option Name="Wrap array, object and collection initializers" Value="False" />
   <Option Name="Wrap first array, object and collection initializer" Value="False" />
   <Option Name="Align with first multi-variable declaration item" Value="False" />
   <Option Name="Wrap first multi-variable declaration" Value="False" />
   <Option Name="Wrap multi-variable declaration" Value="False" />
   <Option Name="Align with first type parameter" Value="False" />
   <Option Name="Wrap first type parameter" Value="False" />
   <Option Name="Wrap multiple type parameters" Value="False" />
   <Option Name="Align with first type parameter constraint" Value="False" />
   <Option Name="Wrap first type parameter constraint" Value="True" />
   <Option Name="Wrap multiple type parameter constraints" Value="True" />
   <Option Name="Right margin column size" Value="80" />
   <Option Name="Wrap long lines" Value="False" />
   <Option Name="Align with first member in anonymous type" Value="False" />
   <Option Name="Wrap first member in anonymous type" Value="False" />
   <Option Name="Wrap members in anonymous type" Value="False" />
   <Option Name="Align with first ancestors list item" Value="False" />
   <Option Name="Wrap ancestors list in type declaration" Value="False" />
   <Option Name="Wrap before colon for ancestors list" Value="False" />
   <Option Name="Wrap first ancestors list item" Value="False" />
  </Section>
 </Language>
</Page>