﻿<!--This is a DXCore settings file-->
<Page Name="Rules">
 <Language Name="CSharp">
  <Section Name="General">
   <Option Name="ApplyFormatting" Value="False" />
  </Section>
  <Section Name="Force braces in &quot;do&quot;, &quot;while&quot; statements">
   <Option Name="Value" Value="True" />
   <Option Name="Index" Value="0" />
  </Section>
  <Section Name="Force braces in &quot;fixed&quot; statement">
   <Option Name="Value" Value="True" />
   <Option Name="Index" Value="1" />
  </Section>
  <Section Name="Force braces in &quot;for&quot;, &quot;foreach&quot; statements">
   <Option Name="Value" Value="True" />
   <Option Name="Index" Value="2" />
  </Section>
  <Section Name="Force braces in &quot;if..else&quot; statement">
   <Option Name="Value" Value="True" />
   <Option Name="Index" Value="3" />
  </Section>
  <Section Name="Force braces in &quot;using&quot;, &quot;lock&quot; statements">
   <Option Name="Value" Value="True" />
   <Option Name="Index" Value="4" />
  </Section>
  <Section Name="Make properties auto-implemented">
   <Option Name="Value" Value="False" />
   <Option Name="Index" Value="5" />
  </Section>
  <Section Name="Make variable Implicit">
   <Option Name="Value" Value="False" />
   <Option Name="Index" Value="6" />
  </Section>
  <Section Name="Organize members">
   <Option Name="Value" Value="False" />
   <Option Name="Index" Value="7" />
  </Section>
  <Section Name="OrganizeMembers">
   <Option Name="SortOnlyNonDangerousInitializedFields" Value="True" />
  </Section>
  <Section Name="OrganizeMembers_File">
   <Option Name="CountEmptyLinesBetweenGroups" Value="1" />
   <Option Name="Count" Value="0" />
  </Section>
  <Section Name="OrganizeMembers_Namespace">
   <Option Name="CountEmptyLinesBetweenGroups" Value="1" />
   <Option Name="Count" Value="0" />
  </Section>
  <Section Name="OrganizeMembers_Class">
   <Option Name="CountEmptyLinesBetweenGroups" Value="1" />
   <Option Name="Count" Value="0" />
  </Section>
  <Section Name="OrganizeMembers_Interface">
   <Option Name="CountEmptyLinesBetweenGroups" Value="1" />
   <Option Name="Count" Value="0" />
  </Section>
  <Section Name="OrganizeMembers_Struct">
   <Option Name="CountEmptyLinesBetweenGroups" Value="1" />
   <Option Name="Count" Value="0" />
  </Section>
  <Section Name="OrganizeMembers_Module">
   <Option Name="CountEmptyLinesBetweenGroups" Value="1" />
   <Option Name="Count" Value="0" />
  </Section>
  <Section Name="OrganizeMembers_Enum">
   <Option Name="CountEmptyLinesBetweenGroups" Value="1" />
   <Option Name="Count" Value="0" />
  </Section>
  <Section Name="Convert &quot;&quot; to string.Empty">
   <Option Name="Value" Value="False" />
   <Option Name="Index" Value="8" />
  </Section>
  <Section Name="Remove all comments, excluding XML comments">
   <Option Name="Value" Value="True" />
   <Option Name="Index" Value="9" />
  </Section>
  <Section Name="Remove all regions">
   <Option Name="Value" Value="False" />
   <Option Name="Index" Value="10" />
  </Section>
  <Section Name="Remove redundant &quot;base&quot; qualifier">
   <Option Name="Value" Value="False" />
   <Option Name="Index" Value="11" />
  </Section>
  <Section Name="Remove redundant &quot;this&quot; qualifier">
   <Option Name="Value" Value="False" />
   <Option Name="Index" Value="12" />
  </Section>
  <Section Name="Remove unreachable code">
   <Option Name="Value" Value="False" />
   <Option Name="Index" Value="13" />
  </Section>
  <Section Name="Remove unused namespace references">
   <Option Name="Value" Value="False" />
   <Option Name="Index" Value="14" />
  </Section>
  <Section Name="Remove unused variables">
   <Option Name="Value" Value="False" />
   <Option Name="Index" Value="15" />
  </Section>
  <Section Name="Remove user blocks">
   <Option Name="Value" Value="False" />
   <Option Name="Index" Value="16" />
  </Section>
  <Section Name="Sort enum elements">
   <Option Name="Value" Value="False" />
   <Option Name="Index" Value="17" />
  </Section>
  <Section Name="Use explicit internal modifier">
   <Option Name="Value" Value="True" />
   <Option Name="Index" Value="18" />
  </Section>
  <Section Name="Use explicit private modifier">
   <Option Name="Value" Value="True" />
   <Option Name="Index" Value="19" />
  </Section>
 </Language>
</Page>