﻿<!--This is a DXCore settings file-->
<Page Name="Identifiers">
 <Language Name="CSharp">
  <Section Name="Header">
   <Option Name="Count" Value="3" />
  </Section>
  <Section Name="Record0">
   <Option Name="STR_Name" Value="0" />
   <Option Name="STR_Style" Value="0" />
   <Option Name="STR_Prefix" Value="" />
   <Option Name="STR_Suffix" Value="" />
  </Section>
  <Section Name="Record1">
   <Option Name="STR_Name" Value="1" />
   <Option Name="STR_Style" Value="0" />
   <Option Name="STR_Prefix" Value="" />
   <Option Name="STR_Suffix" Value="" />
  </Section>
  <Section Name="Record2">
   <Option Name="STR_Name" Value="2" />
   <Option Name="STR_Style" Value="0" />
   <Option Name="STR_Prefix" Value="" />
   <Option Name="STR_Suffix" Value="" />
  </Section>
 </Language>
</Page>